{
  "images": [
    {
      "idiom": "iphone",
      "size": "29x29",
      "scale": "2x"
    },
    {
      "idiom": "iphone",
      "size": "29x29",
      "scale": "3x"
    },
    {
      "idiom": "iphone",
      "size": "40x40",
      "scale": "2x"
    },
    {
      "idiom": "iphone",
      "size": "40x40",
      "scale": "3x"
    },
    {
      "size": "60x60",
      "idiom": "iphone",
      "filename": "iphone2x.png",
      "scale": "2x"
    },
    {
      "idiom": "iphone",
      "size": "60x60",
      "scale": "3x"
    },
    {
      "idiom": "ipad",
      "size": "29x29",
      "scale": "1x"
    },
    {
      "idiom": "ipad",
      "size": "29x29",
      "scale": "2x"
    },
    {
      "idiom": "ipad",
      "size": "40x40",
      "scale": "1x"
    },
    {
      "idiom": "ipad",
      "size": "40x40",
      "scale": "2x"
    },
    {
      "size": "76x76",
      "idiom": "ipad",
      "filename": "ipad.png",
      "scale": "1x"
    },
    {
      "size": "76x76",
      "idiom": "ipad",
      "filename": "ipad2x.png",
      "scale": "2x"
    }
  ],
  "info": {
    "version": 1,
    "author": "xcode"
  }
}